NAME,city
"Aberdeen town, North Carolina",Aberdeen
"Advance CDP, North Carolina",Advance
"Ahoskie town, North Carolina",Ahoskie
"Alamance village, North Carolina",Alamance village
"Albemarle city, North Carolina",Albemarle city
"Alexis CDP, North Carolina",Alexis
"Alliance town, North Carolina",Alliance
"Altamahaw CDP, North Carolina",Altamahaw
"Anderson Creek CDP, North Carolina",Anderson Creek
"Andrews town, North Carolina",Andrews
"Angier town, North Carolina",Angier
"Ansonville town, North Carolina",Ansonville
"Apex town, North Carolina",Apex
"Aquadale CDP, North Carolina",Aquadale
"Arapahoe town, North Carolina",Arapahoe
"Archdale city, North Carolina",Archdale city
"Archer Lodge town, North Carolina",Archer Lodge
"Arrowhead Beach CDP, North Carolina",Arrowhead Beach
"Asheboro city, North Carolina",Asheboro city
"Asheville city, North Carolina",Asheville city
"Ashley Heights CDP, North Carolina",Ashley Heights
"Askewville town, North Carolina",Askewville
"Atkinson town, North Carolina",Atkinson
"Atlantic CDP, North Carolina",Atlantic
"Atlantic Beach town, North Carolina",Atlantic Beach
"Aulander town, North Carolina",Aulander
"Aurora town, North Carolina",Aurora
"Autryville town, North Carolina",Autryville
"Avery Creek CDP, North Carolina",Avery Creek
"Avon CDP, North Carolina",Avon
"Ayden town, North Carolina",Ayden
"Badin town, North Carolina",Badin
"Bailey town, North Carolina",Bailey
"Bakersville town, North Carolina",Bakersville
"Bald Head Island village, North Carolina",Bald Head Island village
"Balfour CDP, North Carolina",Balfour
"Banner Elk town, North Carolina",Banner Elk
"Barker Heights CDP, North Carolina",Barker Heights
"Barker Ten Mile CDP, North Carolina",Barker Ten Mile
"Barnardsville CDP, North Carolina",Barnardsville
"Bath town, North Carolina",Bath
"Bayboro town, North Carolina",Bayboro
"Bayshore CDP, North Carolina",Bayshore
"Bayview CDP, North Carolina",Bayview
"Bear Grass town, North Carolina",Bear Grass
"Beaufort town, North Carolina",Beaufort
"Beech Mountain town, North Carolina",Beech Mountain
"Belhaven town, North Carolina",Belhaven
"Bell Arthur CDP, North Carolina",Bell Arthur
"Belmont city, North Carolina",Belmont city
"Belville town, North Carolina",Belville
"Belvoir CDP, North Carolina",Belvoir
"Belwood town, North Carolina",Belwood
"Bennett CDP, North Carolina",Bennett
"Benson town, North Carolina",Benson
"Bent Creek CDP, North Carolina",Bent Creek
"Bermuda Run town, North Carolina",Bermuda Run
"Bessemer City city, North Carolina",Bessemer City city
"Bethania town, North Carolina",Bethania
"Bethel town, North Carolina",Bethel
"Bethlehem CDP, North Carolina",Bethlehem
"Beulaville town, North Carolina",Beulaville
"Biltmore Forest town, North Carolina",Biltmore Forest
"Biscoe town, North Carolina",Biscoe
"Black Creek town, North Carolina",Black Creek
"Black Mountain town, North Carolina",Black Mountain
"Bladenboro town, North Carolina",Bladenboro
"Blowing Rock town, North Carolina",Blowing Rock
"Blue Clay Farms CDP, North Carolina",Blue Clay Farms
"Boardman town, North Carolina",Boardman
"Bogue town, North Carolina",Bogue
"Boiling Spring Lakes city, North Carolina",Boiling Spring Lakes city
"Boiling Springs town, North Carolina",Boiling Springs
"Bolivia town, North Carolina",Bolivia
"Bolton town, North Carolina",Bolton
"Bonnetsville CDP, North Carolina",Bonnetsville
"Boone town, North Carolina",Boone
"Boonville town, North Carolina",Boonville
"Bostic town, North Carolina",Bostic
"Bowdens CDP, North Carolina",Bowdens
"Bowmore CDP, North Carolina",Bowmore
"Brandywine Bay CDP, North Carolina",Brandywine Bay
"Brevard city, North Carolina",Brevard city
"Briar Chapel CDP, North Carolina",Briar Chapel
"Brices Creek CDP, North Carolina",Brices Creek
"Bridgeton town, North Carolina",Bridgeton
"Broad Creek CDP, North Carolina",Broad Creek
"Broadway town, North Carolina",Broadway
"Brogden CDP, North Carolina",Brogden
"Brookford town, North Carolina",Brookford
"Brunswick town, North Carolina",Brunswick
"Bryson City town, North Carolina",Bryson City
"Buies Creek CDP, North Carolina",Buies Creek
"Bunn town, North Carolina",Bunn
"Coinjock CDP, North Carolina",Coinjock
"Colerain town, North Carolina",Colerain
"Columbia town, North Carolina",Columbia
"Columbus town, North Carolina",Columbus
"Como town, North Carolina",Como
"Concord city, North Carolina",Concord city
"Conetoe town, North Carolina",Conetoe
"Connelly Springs town, North Carolina",Connelly Springs
"Conover city, North Carolina",Conover city
"Conway town, North Carolina",Conway
"Cooleemee town, North Carolina",Cooleemee
"Cordova CDP, North Carolina",Cordova
"Cornelius town, North Carolina",Cornelius
"Cove City town, North Carolina",Cove City
"Cove Creek CDP, North Carolina",Cove Creek
"Cramerton town, North Carolina",Cramerton
"Creedmoor city, North Carolina",Creedmoor city
"Creswell town, North Carolina",Creswell
"Cricket CDP, North Carolina",Cricket
"Crossnore town, North Carolina",Crossnore
"Crouse CDP, North Carolina",Crouse
"Cullowhee CDP, North Carolina",Cullowhee
"Cypress Landing CDP, North Carolina",Cypress Landing
"Dallas town, North Carolina",Dallas
"Dana CDP, North Carolina",Dana
"Danbury town, North Carolina",Danbury
"Davidson town, North Carolina",Davidson
"Davis CDP, North Carolina",Davis
"Deep Run CDP, North Carolina",Deep Run
"Deercroft CDP, North Carolina",Deercroft
"Delco CDP, North Carolina",Delco
"Dellview town, North Carolina",Dellview
"Delway CDP, North Carolina",Delway
"Denton town, North Carolina",Denton
"Denver CDP, North Carolina",Denver
"Dillsboro town, North Carolina",Dillsboro
"Dobbins Heights town, North Carolina",Dobbins Heights
"Dobson town, North Carolina",Dobson
"Dortches town, North Carolina",Dortches
"Dover town, North Carolina",Dover
"Drexel town, North Carolina",Drexel
"Dublin town, North Carolina",Dublin
"Duck town, North Carolina",Duck
"Dudley CDP, North Carolina",Dudley
"Dundarrach CDP, North Carolina",Dundarrach
"Dunn city, North Carolina",Dunn city
"Durham city, North Carolina",Durham city
"Earl town, North Carolina",Earl
"East Arcadia town, North Carolina",East Arcadia
"East Bend town, North Carolina",East Bend
"East Flat Rock CDP, North Carolina",East Flat Rock
"East Laurinburg town, North Carolina",East Laurinburg
"Eastover town, North Carolina",Eastover
"East Rockingham CDP, North Carolina",East Rockingham
"East Spencer town, North Carolina",East Spencer
"Fremont town, North Carolina",Fremont
"Frisco CDP, North Carolina",Frisco
"Fruitland CDP, North Carolina",Fruitland
"Fuquay-Varina town, North Carolina",Fuquay-Varina
"Gamewell town, North Carolina",Gamewell
"Garland town, North Carolina",Garland
"Garner town, North Carolina",Garner
"Garysburg town, North Carolina",Garysburg
"Gaston town, North Carolina",Gaston
"Gastonia city, North Carolina",Gastonia city
"Gatesville town, North Carolina",Gatesville
"Germanton CDP, North Carolina",Germanton
"Gerton CDP, North Carolina",Gerton
"Gibson town, North Carolina",Gibson
"Gibsonville town, North Carolina",Gibsonville
"Glen Alpine town, North Carolina",Glen Alpine
"Glen Raven CDP, North Carolina",Glen Raven
"Glenville CDP, North Carolina",Glenville
"Glenwood CDP, North Carolina",Glenwood
"Gloucester CDP, North Carolina",Gloucester
"Godwin town, North Carolina",Godwin
"Gold Hill CDP, North Carolina",Gold Hill
"Goldsboro city, North Carolina",Goldsboro city
"Goldston town, North Carolina",Goldston
"Gorman CDP, North Carolina",Gorman
"Governors Club CDP, North Carolina",Governors Club
"Governors Village CDP, North Carolina",Governors Village
"Graham city, North Carolina",Graham city
"Graingers CDP, North Carolina",Graingers
"Grandfather Village village, North Carolina",Grandfather Village village
"Grandy CDP, North Carolina",Grandy
"Granite Falls town, North Carolina",Granite Falls
"Granite Quarry town, North Carolina",Granite Quarry
"Grantsboro town, North Carolina",Grantsboro
"Greenevers town, North Carolina",Greenevers
"Green Level town, North Carolina",Green Level
"Greensboro city, North Carolina",Greensboro city
"Greenville city, North Carolina",Greenville city
"Grifton town, North Carolina",Grifton
"Grimesland town, North Carolina",Grimesland
"Grover town, North Carolina",Grover
"Gulf CDP, North Carolina",Gulf
"Half Moon CDP, North Carolina",Half Moon
"Halifax town, North Carolina",Halifax
"Hallsboro CDP, North Carolina",Hallsboro
"Hamilton town, North Carolina",Hamilton
"Hamlet city, North Carolina",Hamlet city
"Hampstead CDP, North Carolina",Hampstead
"Harkers Island CDP, North Carolina",Harkers Island
"Harmony town, North Carolina",Harmony
"Harrells town, North Carolina",Harrells
"Harrellsville town, North Carolina",Harrellsville
"Harrisburg town, North Carolina",Harrisburg
"Hassell town, North Carolina",Hassell
"Hatteras CDP, North Carolina",Hatteras
"Burgaw town, North Carolina",Burgaw
"Burlington city, North Carolina",Burlington city
"Burnsville town, North Carolina",Burnsville
"Butner town, North Carolina",Butner
"Butters CDP, North Carolina",Butters
"Buxton CDP, North Carolina",Buxton
"Cajah's Mountain town, North Carolina",Cajah's Mountain
"Calabash town, North Carolina",Calabash
"Calypso town, North Carolina",Calypso
"Camden CDP, North Carolina",Camden
"Cameron town, North Carolina",Cameron
"Candor town, North Carolina",Candor
"Canton town, North Carolina",Canton
"Cape Carteret town, North Carolina",Cape Carteret
"Cape Colony CDP, North Carolina",Cape Colony
"Caroleen CDP, North Carolina",Caroleen
"Carolina Beach town, North Carolina",Carolina Beach
"Carolina Meadows CDP, North Carolina",Carolina Meadows
"Carolina Shores town, North Carolina",Carolina Shores
"Carrboro town, North Carolina",Carrboro
"Carthage town, North Carolina",Carthage
"Cary town, North Carolina",Cary
"Casar town, North Carolina",Casar
"Cashiers CDP, North Carolina",Cashiers
"Castalia town, North Carolina",Castalia
"Castle Hayne CDP, North Carolina",Castle Hayne
"Caswell Beach town, North Carolina",Caswell Beach
"Catawba town, North Carolina",Catawba
"Cedar Point town, North Carolina",Cedar Point
"Cedar Rock village, North Carolina",Cedar Rock village
"Centerville CDP, North Carolina",Centerville
"Cerro Gordo town, North Carolina",Cerro Gordo
"Chadbourn town, North Carolina",Chadbourn
"Chapel Hill town, North Carolina",Chapel Hill
"Charlotte city, North Carolina",Charlotte city
"Cherokee CDP, North Carolina",Cherokee
"Cherry Branch CDP, North Carolina",Cherry Branch
"Cherryville city, North Carolina",Cherryville city
"Chimney Rock Village village, North Carolina",Chimney Rock Village village
"China Grove town, North Carolina",China Grove
"Bunnlevel CDP, North Carolina",Bunnlevel
"Chinquapin CDP, North Carolina",Chinquapin
"Chocowinity town, North Carolina",Chocowinity
"Chowan Beach CDP, North Carolina",Chowan Beach
"Claremont city, North Carolina",Claremont city
"Clarkton town, North Carolina",Clarkton
"Clayton town, North Carolina",Clayton
"Clemmons village, North Carolina",Clemmons village
"Cleveland town, North Carolina",Cleveland
"Cliffside CDP, North Carolina",Cliffside
"Clinton city, North Carolina",Clinton city
"Clyde town, North Carolina",Clyde
"Coats town, North Carolina",Coats
"Cofield village, North Carolina",Cofield village
"Edenton town, North Carolina",Edenton
"Edneyville CDP, North Carolina",Edneyville
"Efland CDP, North Carolina",Efland
"Elizabeth City city, North Carolina",Elizabeth City city
"Elizabethtown town, North Carolina",Elizabethtown
"Elkin town, North Carolina",Elkin
"Elk Park town, North Carolina",Elk Park
"Ellenboro town, North Carolina",Ellenboro
"Ellerbe town, North Carolina",Ellerbe
"Elm City town, North Carolina",Elm City
"Elon town, North Carolina",Elon
"Elrod CDP, North Carolina",Elrod
"Elroy CDP, North Carolina",Elroy
"Emerald Isle town, North Carolina",Emerald Isle
"Emma CDP, North Carolina",Emma
"Enfield town, North Carolina",Enfield
"Engelhard CDP, North Carolina",Engelhard
"Enochville CDP, North Carolina",Enochville
"Erwin town, North Carolina",Erwin
"Etowah CDP, North Carolina",Etowah
"Eureka town, North Carolina",Eureka
"Everetts town, North Carolina",Everetts
"Evergreen CDP, North Carolina",Evergreen
"Fair Bluff town, North Carolina",Fair Bluff
"Fairfield CDP, North Carolina",Fairfield
"Fairfield Harbour CDP, North Carolina",Fairfield Harbour
"Fairmont town, North Carolina",Fairmont
"Fairplains CDP, North Carolina",Fairplains
"Fairview CDP, North Carolina",Fairview
"Fairview town, North Carolina",Fairview
"Faison town, North Carolina",Faison
"Faith town, North Carolina",Faith
"Falcon town, North Carolina",Falcon
"Falkland town, North Carolina",Falkland
"Fallston town, North Carolina",Fallston
"Farmington CDP, North Carolina",Farmington
"Farmville town, North Carolina",Farmville
"Fayetteville city, North Carolina",Fayetteville city
"Fearrington Village CDP, North Carolina",Fearrington Village
"Eden city, North Carolina",Eden city
"Five Points CDP, North Carolina",Five Points
"Flat Rock village, North Carolina",Flat Rock village
"Flat Rock CDP, North Carolina",Flat Rock
"Fletcher town, North Carolina",Fletcher
"Fontana Dam town, North Carolina",Fontana Dam
"Forest City town, North Carolina",Forest City
"Forest Hills village, North Carolina",Forest Hills village
"Forest Oaks CDP, North Carolina",Forest Oaks
"Foscoe CDP, North Carolina",Foscoe
"Fountain town, North Carolina",Fountain
"Four Oaks town, North Carolina",Four Oaks
"Foxfire village, North Carolina",Foxfire village
"Franklin town, North Carolina",Franklin
"Franklinton town, North Carolina",Franklinton
"Franklinville town, North Carolina",Franklinville
"Havelock city, North Carolina",Havelock city
"Haw River town, North Carolina",Haw River
"Hayesville town, North Carolina",Hayesville
"Hays CDP, North Carolina",Hays
"Hemby Bridge town, North Carolina",Hemby Bridge
"Henderson city, North Carolina",Henderson city
"Hendersonville city, North Carolina",Hendersonville city
"Henrietta CDP, North Carolina",Henrietta
"Hertford town, North Carolina",Hertford
"Hickory city, North Carolina",Hickory city
"Hiddenite CDP, North Carolina",Hiddenite
"Highlands town, North Carolina",Highlands
"High Point city, North Carolina",High Point city
"High Shoals city, North Carolina",High Shoals city
"Hightsville CDP, North Carolina",Hightsville
"Hildebran town, North Carolina",Hildebran
"Hillsborough town, North Carolina",Hillsborough
"Hobgood town, North Carolina",Hobgood
"Hobucken CDP, North Carolina",Hobucken
"Hoffman town, North Carolina",Hoffman
"Holden Beach town, North Carolina",Holden Beach
"Hollister CDP, North Carolina",Hollister
"Holly Ridge town, North Carolina",Holly Ridge
"Holly Springs town, North Carolina",Holly Springs
"Hookerton town, North Carolina",Hookerton
"Hoopers Creek CDP, North Carolina",Hoopers Creek
"Hope Mills town, North Carolina",Hope Mills
"Horse Shoe CDP, North Carolina",Horse Shoe
"Hot Springs town, North Carolina",Hot Springs
"Hudson town, North Carolina",Hudson
"Huntersville town, North Carolina",Huntersville
"Icard CDP, North Carolina",Icard
"Indian Beach town, North Carolina",Indian Beach
"Indian Trail town, North Carolina",Indian Trail
"Ingold CDP, North Carolina",Ingold
"Iron Station CDP, North Carolina",Iron Station
"Ivanhoe CDP, North Carolina",Ivanhoe
"JAARS CDP, North Carolina",JAARS
"Jackson town, North Carolina",Jackson
"Jackson Heights CDP, North Carolina",Jackson Heights
"Jackson Springs CDP, North Carolina",Jackson Springs
"Jacksonville city, North Carolina",Jacksonville city
"James City CDP, North Carolina",James City
"Jamestown town, North Carolina",Jamestown
"Jamesville town, North Carolina",Jamesville
"Jefferson town, North Carolina",Jefferson
"Jonesville town, North Carolina",Jonesville
"Kannapolis city, North Carolina",Kannapolis city
"Keener CDP, North Carolina",Keener
"Kelford town, North Carolina",Kelford
"Kelly CDP, North Carolina",Kelly
"Kenansville town, North Carolina",Kenansville
"Kenly town, North Carolina",Kenly
"Kernersville town, North Carolina",Kernersville
"King city, North Carolina",King city
"Kings Grant CDP, North Carolina",Kings Grant
"Kings Mountain city, North Carolina",Kings Mountain city
"Kingstown town, North Carolina",Kingstown
"Kinston city, North Carolina",Kinston city
"Kittrell town, North Carolina",Kittrell
"Kitty Hawk town, North Carolina",Kitty Hawk
"Knightdale town, North Carolina",Knightdale
"Kure Beach town, North Carolina",Kure Beach
"La Grange town, North Carolina",La Grange
"Lake Junaluska CDP, North Carolina",Lake Junaluska
"Lake Lure town, North Carolina",Lake Lure
"Lake Norman of Catawba CDP, North Carolina",Lake Norman of Catawba
"Lake Norman of Iredell CDP, North Carolina",Lake Norman of Iredell
"Lake Park village, North Carolina",Lake Park village
"Lake Royale CDP, North Carolina",Lake Royale
"Lake Santeetlah town, North Carolina",Lake Santeetlah
"Lake Waccamaw town, North Carolina",Lake Waccamaw
"Landis town, North Carolina",Landis
"Lansing town, North Carolina",Lansing
"Lasker town, North Carolina",Lasker
"Lattimore town, North Carolina",Lattimore
"Laurel Hill CDP, North Carolina",Laurel Hill
"Laurel Park town, North Carolina",Laurel Park
"Laurinburg city, North Carolina",Laurinburg city
"Lawndale town, North Carolina",Lawndale
"Leggett town, North Carolina",Leggett
"Leland town, North Carolina",Leland
"Lenoir city, North Carolina",Lenoir city
"Lewiston Woodville town, North Carolina",Lewiston Woodville
"Lewisville town, North Carolina",Lewisville
"Lexington city, North Carolina",Lexington city
"Liberty town, North Carolina",Liberty
"Light Oak CDP, North Carolina",Light Oak
"Lilesville town, North Carolina",Lilesville
"Lillington town, North Carolina",Lillington
"Lincolnton city, North Carolina",Lincolnton city
"Linden town, North Carolina",Linden
"Linville CDP, North Carolina",Linville
"Littleton town, North Carolina",Littleton
"Kill Devil Hills town, North Carolina",Kill Devil Hills
"Locust city, North Carolina",Locust city
"Long Creek CDP, North Carolina",Long Creek
"Long View town, North Carolina",Long View
"Louisburg town, North Carolina",Louisburg
"Love Valley town, North Carolina",Love Valley
"Lowell city, North Carolina",Lowell city
"Lowesville CDP, North Carolina",Lowesville
"Lowgap CDP, North Carolina",Lowgap
"Lucama town, North Carolina",Lucama
"Lumber Bridge town, North Carolina",Lumber Bridge
"Lumberton city, North Carolina",Lumberton city
"McAdenville town, North Carolina",McAdenville
"Macclesfield town, North Carolina",Macclesfield
"McFarlan town, North Carolina",McFarlan
"McLeansville CDP, North Carolina",McLeansville
"Macon town, North Carolina",Macon
"Madison town, North Carolina",Madison
"Maggie Valley town, North Carolina",Maggie Valley
"Magnolia town, North Carolina",Magnolia
"Maiden town, North Carolina",Maiden
"Mamers CDP, North Carolina",Mamers
"Manns Harbor CDP, North Carolina",Manns Harbor
"Manteo town, North Carolina",Manteo
"Marble CDP, North Carolina",Marble
"Marietta town, North Carolina",Marietta
"Marion city, North Carolina",Marion city
"Mar-Mac CDP, North Carolina",Mar-Mac
"Marshall town, North Carolina",Marshall
"Marshallberg CDP, North Carolina",Marshallberg
"Mars Hill town, North Carolina",Mars Hill
"Marshville town, North Carolina",Marshville
"Marvin village, North Carolina",Marvin village
"Matthews town, North Carolina",Matthews
"Maury CDP, North Carolina",Maury
"Maxton town, North Carolina",Maxton
"Mayodan town, North Carolina",Mayodan
"Maysville town, North Carolina",Maysville
"Mebane city, North Carolina",Mebane city
"Mesic town, North Carolina",Mesic
"Micro town, North Carolina",Micro
"Middleburg town, North Carolina",Middleburg
"Middlesex town, North Carolina",Middlesex
"Midland town, North Carolina",Midland
"Midway town, North Carolina",Midway
"Millers Creek CDP, North Carolina",Millers Creek
"Millingport CDP, North Carolina",Millingport
"Mills River town, North Carolina",Mills River
"Milton town, North Carolina",Milton
"Milwaukee CDP, North Carolina",Milwaukee
"Mineral Springs town, North Carolina",Mineral Springs
"Minnesott Beach town, North Carolina",Minnesott Beach
"Mint Hill town, North Carolina",Mint Hill
"McDonald town, North Carolina",McDonald
"Misenheimer village, North Carolina",Misenheimer village
"Mocksville town, North Carolina",Mocksville
"Momeyer town, North Carolina",Momeyer
"Moncure CDP, North Carolina",Moncure
"Monroe city, North Carolina",Monroe city
"Montreat town, North Carolina",Montreat
"Mooresboro town, North Carolina",Mooresboro
"Mooresville town, North Carolina",Mooresville
"Moravian Falls CDP, North Carolina",Moravian Falls
"Morehead City town, North Carolina",Morehead City
"Morganton city, North Carolina",Morganton city
"Morrisville town, North Carolina",Morrisville
"Morven town, North Carolina",Morven
"Mountain Home CDP, North Carolina",Mountain Home
"Mountain View CDP, North Carolina",Mountain View
"Mount Gilead town, North Carolina",Mount Gilead
"Mount Holly city, North Carolina",Mount Holly city
"Mount Olive town, North Carolina",Mount Olive
"Mount Pleasant town, North Carolina",Mount Pleasant
"Moyock CDP, North Carolina",Moyock
"Mulberry CDP, North Carolina",Mulberry
"Murfreesboro town, North Carolina",Murfreesboro
"Murphy town, North Carolina",Murphy
"Murraysville CDP, North Carolina",Murraysville
"Myrtle Grove CDP, North Carolina",Myrtle Grove
"Nags Head town, North Carolina",Nags Head
"Nashville town, North Carolina",Nashville
"Navassa town, North Carolina",Navassa
"Nebo CDP, North Carolina",Nebo
"Neuse Forest CDP, North Carolina",Neuse Forest
"New Bern city, North Carolina",New Bern city
"New Hope CDP, North Carolina",New Hope
"Newland town, North Carolina",Newland
"New London town, North Carolina",New London
"Newport town, North Carolina",Newport
"Newton city, North Carolina",Newton city
"Newton Grove town, North Carolina",Newton Grove
"Norlina town, North Carolina",Norlina
"Norman town, North Carolina",Norman
"Northchase CDP, North Carolina",Northchase
"Northlakes CDP, North Carolina",Northlakes
"North Topsail Beach town, North Carolina",North Topsail Beach
"Northwest city, North Carolina",Northwest city
"North Wilkesboro town, North Carolina",North Wilkesboro
"Norwood town, North Carolina",Norwood
"Oakboro town, North Carolina",Oakboro
"Oak City town, North Carolina",Oak City
"Oak Island town, North Carolina",Oak Island
"Oak Ridge town, North Carolina",Oak Ridge
"Ocean Isle Beach town, North Carolina",Ocean Isle Beach
"Ocracoke CDP, North Carolina",Ocracoke
"Ogden CDP, North Carolina",Ogden
"Old Fort town, North Carolina",Old Fort
"Old Hundred CDP, North Carolina",Old Hundred
"Oriental town, North Carolina",Oriental
"Orrum town, North Carolina",Orrum
"Mount Airy city, North Carolina",Mount Airy city
"Ossipee town, North Carolina",Ossipee
"Oxford city, North Carolina",Oxford city
"Pantego town, North Carolina",Pantego
"Parkton town, North Carolina",Parkton
"Parmele town, North Carolina",Parmele
"Patterson Springs town, North Carolina",Patterson Springs
"Peachland town, North Carolina",Peachland
"Peletier town, North Carolina",Peletier
"Pembroke town, North Carolina",Pembroke
"Pikeville town, North Carolina",Pikeville
"Pilot Mountain town, North Carolina",Pilot Mountain
"Pinebluff town, North Carolina",Pinebluff
"Rocky Point CDP, North Carolina",Rocky Point
"Rodanthe CDP, North Carolina",Rodanthe
"Rolesville town, North Carolina",Rolesville
"Ronda town, North Carolina",Ronda
"Roper town, North Carolina",Roper
"Roseboro town, North Carolina",Roseboro
"Rose Hill town, North Carolina",Rose Hill
"Rosman town, North Carolina",Rosman
"Rougemont CDP, North Carolina",Rougemont
"Rowland town, North Carolina",Rowland
"Roxboro city, North Carolina",Roxboro city
"Roxobel town, North Carolina",Roxobel
"Royal Pines CDP, North Carolina",Royal Pines
"Ruffin CDP, North Carolina",Ruffin
"Rural Hall town, North Carolina",Rural Hall
"Ruth town, North Carolina",Ruth
"Rutherford College town, North Carolina",Rutherford College
"Rutherfordton town, North Carolina",Rutherfordton
"St. Helena village, North Carolina",St. Helena village
"St. James town, North Carolina",St. James
"St. Pauls town, North Carolina",St. Pauls
"St. Stephens CDP, North Carolina",St. Stephens
"Salem CDP, North Carolina",Salem
"Salemburg town, North Carolina",Salemburg
"Salisbury city, North Carolina",Salisbury city
"Saluda city, North Carolina",Saluda city
"Salvo CDP, North Carolina",Salvo
"Sandy Creek town, North Carolina",Sandy Creek
"Sandyfield town, North Carolina",Sandyfield
"Sanford city, North Carolina",Sanford city
"Saratoga town, North Carolina",Saratoga
"Sawmills town, North Carolina",Sawmills
"Saxapahaw CDP, North Carolina",Saxapahaw
"Scotch Meadows CDP, North Carolina",Scotch Meadows
"Scotland Neck town, North Carolina",Scotland Neck
"Seaboard town, North Carolina",Seaboard
"Sea Breeze CDP, North Carolina",Sea Breeze
"Seagrove town, North Carolina",Seagrove
"Sedalia town, North Carolina",Sedalia
"Selma town, North Carolina",Selma
"Seven Devils town, North Carolina",Seven Devils
"Seven Lakes CDP, North Carolina",Seven Lakes
"Seven Springs town, North Carolina",Seven Springs
"Severn town, North Carolina",Severn
"Shallotte town, North Carolina",Shallotte
"Shannon CDP, North Carolina",Shannon
"Sharpsburg town, North Carolina",Sharpsburg
"Shelby city, North Carolina",Shelby city
"Siler City town, North Carolina",Siler City
"Silver City CDP, North Carolina",Silver City
"Silver Lake CDP, North Carolina",Silver Lake
"Simpson village, North Carolina",Simpson village
"Sims town, North Carolina",Sims
"Skippers Corner CDP, North Carolina",Skippers Corner
"Smithfield town, North Carolina",Smithfield
"Pinehurst village, North Carolina",Pinehurst village
"Pine Knoll Shores town, North Carolina",Pine Knoll Shores
"Pine Level town, North Carolina",Pine Level
"Pinetops town, North Carolina",Pinetops
"Pinetown CDP, North Carolina",Pinetown
"Pineville town, North Carolina",Pineville
"Piney Green CDP, North Carolina",Piney Green
"Pink Hill town, North Carolina",Pink Hill
"Pinnacle CDP, North Carolina",Pinnacle
"Pittsboro town, North Carolina",Pittsboro
"Plain View CDP, North Carolina",Plain View
"Pleasant Garden town, North Carolina",Pleasant Garden
"Pleasant Hill CDP, North Carolina",Pleasant Hill
"Plymouth town, North Carolina",Plymouth
"Polkton town, North Carolina",Polkton
"Polkville city, North Carolina",Polkville city
"Pollocksville town, North Carolina",Pollocksville
"Porters Neck CDP, North Carolina",Porters Neck
"Potters Hill CDP, North Carolina",Potters Hill
"Powellsville town, North Carolina",Powellsville
"Princeton town, North Carolina",Princeton
"Princeville town, North Carolina",Princeville
"Proctorville town, North Carolina",Proctorville
"Prospect CDP, North Carolina",Prospect
"Pumpkin Center CDP, North Carolina",Pumpkin Center
"Raeford city, North Carolina",Raeford city
"Raemon CDP, North Carolina",Raemon
"Raleigh city, North Carolina",Raleigh city
"Ramseur town, North Carolina",Ramseur
"Randleman city, North Carolina",Randleman city
"Ranlo town, North Carolina",Ranlo
"Raynham town, North Carolina",Raynham
"Red Cross town, North Carolina",Red Cross
"Red Oak town, North Carolina",Red Oak
"Red Springs town, North Carolina",Red Springs
"Reidsville city, North Carolina",Reidsville city
"Rennert town, North Carolina",Rennert
"Rex CDP, North Carolina",Rex
"Rhodhiss town, North Carolina",Rhodhiss
"Richfield town, North Carolina",Richfield
"Richlands town, North Carolina",Richlands
"Rich Square town, North Carolina",Rich Square
"Riegelwood CDP, North Carolina",Riegelwood
"River Bend town, North Carolina",River Bend
"River Road CDP, North Carolina",River Road
"Roanoke Rapids city, North Carolina",Roanoke Rapids city
"Robbins town, North Carolina",Robbins
"Robbinsville town, North Carolina",Robbinsville
"Roberdel CDP, North Carolina",Roberdel
"Robersonville town, North Carolina",Robersonville
"Rockfish CDP, North Carolina",Rockfish
"Rockingham city, North Carolina",Rockingham city
"Rockwell town, North Carolina",Rockwell
"Rocky Mount city, North Carolina",Rocky Mount city
"Smithtown CDP, North Carolina",Smithtown
"Sneads Ferry CDP, North Carolina",Sneads Ferry
"Snow Hill town, North Carolina",Snow Hill
"Southern Pines town, North Carolina",Southern Pines
"Southern Shores town, North Carolina",Southern Shores
"South Henderson CDP, North Carolina",South Henderson
"South Mills CDP, North Carolina",South Mills
"Southmont CDP, North Carolina",Southmont
"Southport city, North Carolina",Southport city
"South Rosemary CDP, North Carolina",South Rosemary
"South Weldon CDP, North Carolina",South Weldon
"Sparta town, North Carolina",Sparta
"Speed town, North Carolina",Speed
"Spencer town, North Carolina",Spencer
"Spencer Mountain town, North Carolina",Spencer Mountain
"Spindale town, North Carolina",Spindale
"Spivey's Corner CDP, North Carolina",Spivey's Corner
"Spout Springs CDP, North Carolina",Spout Springs
"Springdale CDP, North Carolina",Springdale
"Spring Hope town, North Carolina",Spring Hope
"Spring Lake town, North Carolina",Spring Lake
"Spruce Pine town, North Carolina",Spruce Pine
"Staley town, North Carolina",Staley
"Stallings town, North Carolina",Stallings
"Stanfield town, North Carolina",Stanfield
"Stanley town, North Carolina",Stanley
"Stantonsburg town, North Carolina",Stantonsburg
"Star town, North Carolina",Star
"Statesville city, North Carolina",Statesville city
"Stedman town, North Carolina",Stedman
"Stem town, North Carolina",Stem
"Stokes CDP, North Carolina",Stokes
"Stokesdale town, North Carolina",Stokesdale
"Stoneville town, North Carolina",Stoneville
"Stonewall town, North Carolina",Stonewall
"Stony Point CDP, North Carolina",Stony Point
"Stovall town, North Carolina",Stovall
"Sugar Mountain village, North Carolina",Sugar Mountain village
"Summerfield town, North Carolina",Summerfield
"Sunbury CDP, North Carolina",Sunbury
"Sunset Beach town, North Carolina",Sunset Beach
"Surf City town, North Carolina",Surf City
"Swannanoa CDP, North Carolina",Swannanoa
"Swan Quarter CDP, North Carolina",Swan Quarter
"Swansboro town, North Carolina",Swansboro
"Swepsonville town, North Carolina",Swepsonville
"Sylva town, North Carolina",Sylva
"Tabor City town, North Carolina",Tabor City
"Tarboro town, North Carolina",Tarboro
"Tar Heel town, North Carolina",Tar Heel
"Taylorsville town, North Carolina",Taylorsville
"Taylortown town, North Carolina",Taylortown
"Teachey town, North Carolina",Teachey
"Thomasville city, North Carolina",Thomasville city
"Toast CDP, North Carolina",Toast
"Tobaccoville village, North Carolina",Tobaccoville village
"Topsail Beach town, North Carolina",Topsail Beach
"Trenton town, North Carolina",Trenton
"Trent Woods town, North Carolina",Trent Woods
"Trinity city, North Carolina",Trinity city
"Troutman town, North Carolina",Troutman
"Troy town, North Carolina",Troy
"Tryon town, North Carolina",Tryon
"Turkey town, North Carolina",Turkey
"Tyro CDP, North Carolina",Tyro
"Unionville town, North Carolina",Unionville
"Valdese town, North Carolina",Valdese
"Valle Crucis CDP, North Carolina",Valle Crucis
"Valley Hill CDP, North Carolina",Valley Hill
"Vanceboro town, North Carolina",Vanceboro
"Vandemere town, North Carolina",Vandemere
"Vander CDP, North Carolina",Vander
"Vann Crossroads CDP, North Carolina",Vann Crossroads
"Varnamtown town, North Carolina",Varnamtown
"Vass town, North Carolina",Vass
"Waco town, North Carolina",Waco
"Wade town, North Carolina",Wade
"Wadesboro town, North Carolina",Wadesboro
"Wagram town, North Carolina",Wagram
"Wake Forest town, North Carolina",Wake Forest
"Wakulla CDP, North Carolina",Wakulla
"Walkertown town, North Carolina",Walkertown
"Wallace town, North Carolina",Wallace
"Wallburg town, North Carolina",Wallburg
"Walnut Cove town, North Carolina",Walnut Cove
"Walnut Creek village, North Carolina",Walnut Creek village
"Walstonburg town, North Carolina",Walstonburg
"Wanchese CDP, North Carolina",Wanchese
"Warrenton town, North Carolina",Warrenton
"Warsaw town, North Carolina",Warsaw
"Washington city, North Carolina",Washington city
"Washington Park town, North Carolina",Washington Park
"Watha town, North Carolina",Watha
"Waves CDP, North Carolina",Waves
"Waxhaw town, North Carolina",Waxhaw
"Waynesville town, North Carolina",Waynesville
"Weaverville town, North Carolina",Weaverville
"Webster town, North Carolina",Webster
"Weddington town, North Carolina",Weddington
"Welcome CDP, North Carolina",Welcome
"Weldon town, North Carolina",Weldon
"Wendell town, North Carolina",Wendell
"Wentworth town, North Carolina",Wentworth
"Wesley Chapel village, North Carolina",Wesley Chapel village
"West Canton CDP, North Carolina",West Canton
"West Jefferson town, North Carolina",West Jefferson
"West Marion CDP, North Carolina",West Marion
"Westport CDP, North Carolina",Westport
"Whispering Pines village, North Carolina",Whispering Pines village
"White Lake town, North Carolina",White Lake
"White Oak CDP, North Carolina",White Oak
"White Plains CDP, North Carolina",White Plains
"Whiteville city, North Carolina",Whiteville city
"Whitsett town, North Carolina",Whitsett
"Whittier CDP, North Carolina",Whittier
"Wilkesboro town, North Carolina",Wilkesboro
"Williamston town, North Carolina",Williamston
"Wilmington city, North Carolina",Wilmington city
"Wilson city, North Carolina",Wilson city
"Wilson's Mills town, North Carolina",Wilson's Mills
"Windsor town, North Carolina",Windsor
"Winfall town, North Carolina",Winfall
"Wingate town, North Carolina",Wingate
"Winston-Salem city, North Carolina",Winston-Salem city
"Winterville town, North Carolina",Winterville
"Winton town, North Carolina",Winton
"Woodfin town, North Carolina",Woodfin
"Woodland town, North Carolina",Woodland
"Woodlawn CDP, North Carolina",Woodlawn
"Wrightsboro CDP, North Carolina",Wrightsboro
"Wrightsville Beach town, North Carolina",Wrightsville Beach
"Yadkin College CDP, North Carolina",Yadkin College
"Yadkinville town, North Carolina",Yadkinville
"Yanceyville town, North Carolina",Yanceyville
"Youngsville town, North Carolina",Youngsville
"Zebulon town, North Carolina",Zebulon
"Whitakers town, North Carolina",Whitakers
